{
  "cm": [
    [
      1,
      0,
      0,
      1,
      0,
      1
    ],
    [
      1,
      1,
      0,
      0,
      0,
      1
    ],
    [
      1,
      0,
      1,
      0,
      1,
      0
    ],
    [
      0,
      0,
      0,
      1,
      0,
      1
    ],
    [
      0,
      0,
      1,
      1,
      1,
      0
    ],
    [
      1,
      1,
      0,
      0,
      1,
      1
    ]
  ],
  "coupling_mean": 1.0,
  "coupling_sd": 0.5,
  "density": 0.35,
  "n": 6,
  "name": "synth_n6_sparse",
  "seed": 6001,
  "state": [
    0,
    0,
    0,
    0,
    0,
    0
  ],
  "temperature": 0.25,
  "tpm": [
    [
      [
        [
          [
            [
              [
                3.762459109539846e-08,
                0.003674607971532084,
                0.00011461375953113128,
                5.009390431143143e-07,
                5.236843652784882e-07,
                7.096951780895433e-05
              ],
              [
                2.4968691702256283e-05,
                0.6366894678061821,
                0.00011461375953113128,
                5.009390431143143e-07,
                0.0050066583445717745,
                0.0020226551680763275
              ]
            ],
            [
              [
                3.762459109539846e-08,
                0.003674607971532084,
                0.067205878741674,
                0.07935318462024483,
                0.00606349555678187,
                7.096951780895433e-05
              ],
              [
                2.4968691702256283e-05,
                0.6366894678061821,
                0.067205878741674,
                0.07935318462024483,
                0.9832262146641797,
                0.0020226551680763275
              ]
            ]
          ],
          [
            [
              [
                3.762459109539846e-08,
                0.003674607971532084,
                0.00011461375953113128,
                0.15772184972773715,
                5.236843652784882e-07,
                0.00831851528850722
              ],
              [
                2.4968691702256283e-05,
                0.6366894678061821,
                0.00011461375953113128,
                0.15772184972773715,
                0.0050066583445717745,
                0.19324697545095645
              ]
            ],
            [
              [
                3.762459109539846e-08,
                0.003674607971532084,
                0.067205878741674,
                0.9999689641254289,
                0.00606349555678187,
                0.00831851528850722
              ],
              [
                2.4968691702256283e-05,
                0.6366894678061821,
                0.067205878741674,
                0.9999689641254289,
                0.9832262146641797,
                0.19324697545095645
              ]
            ]
          ]
        ],
        [
          [
            [
              [
                0.0003344329759437983,
                0.003674607971532084,
                0.9327941212583261,
                5.009390431143143e-07,
                0.016773785335820163,
                7.096951780895433e-05
              ],
              [
                0.181681790513208,
                0.6366894678061821,
                0.9327941212583261,
                5.009390431143143e-07,
                0.993936504443218,
                0.0020226551680763275
              ]
            ],
            [
              [
                0.0003344329759437983,
                0.003674607971532084,
                0.9998853862404687,
                0.07935318462024483,
                0.9949933416554281,
                7.096951780895433e-05
              ],
              [
                0.181681790513208,
                0.6366894678061821,
                0.9998853862404687,
                0.07935318462024483,
                0.9999994763156348,
                0.0020226551680763275
              ]
            ]
          ],
          [
            [
              [
                0.0003344329759437983,
                0.003674607971532084,
                0.9327941212583261,
                0.15772184972773715,
                0.016773785335820163,
                0.00831851528850722
              ],
              [
                0.181681790513208,
                0.6366894678061821,
                0.9327941212583261,
                0.15772184972773715,
                0.993936504443218,
                0.19324697545095645
              ]
            ],
            [
              [
                0.0003344329759437983,
                0.003674607971532084,
                0.9998853862404687,
                0.9999689641254289,
                0.9949933416554281,
                0.00831851528850722
              ],
              [
                0.181681790513208,
                0.6366894678061821,
                0.9998853862404687,
                0.9999689641254289,
                0.9999994763156348,
                0.19324697545095645
              ]
            ]
          ]
        ]
      ],
      [
        [
          [
            [
              [
                0.0005455506418789416,
                0.3633105321938179,
                0.00011461375953113128,
                5.009390431143143e-07,
                5.236843652784882e-07,
                0.06817201392841768
              ],
              [
                0.26591967682276385,
                0.996325392028468,
                0.00011461375953113128,
                5.009390431143143e-07,
                0.0050066583445717745,
                0.6762859739283555
              ]
            ],
            [
              [
                0.0005455506418789416,
                0.3633105321938179,
                0.067205878741674,
                0.07935318462024483,
                0.00606349555678187,
                0.06817201392841768
              ],
              [
                0.26591967682276385,
                0.996325392028468,
                0.067205878741674,
                0.07935318462024483,
                0.9832262146641797,
                0.6762859739283555
              ]
            ]
          ],
          [
            [
              [
                0.0005455506418789416,
                0.3633105321938179,
                0.00011461375953113128,
                0.15772184972773715,
                5.236843652784882e-07,
                0.8963356650591076
              ],
              [
                0.26591967682276385,
                0.996325392028468,
                0.00011461375953113128,
                0.15772184972773715,
                0.0050066583445717745,
                0.9959662884525146
              ]
            ],
            [
              [
                0.0005455506418789416,
                0.3633105321938179,
                0.067205878741674,
                0.9999689641254289,
                0.00606349555678187,
                0.8963356650591076
              ],
              [
                0.26591967682276385,
                0.996325392028468,
                0.067205878741674,
                0.9999689641254289,
                0.9832262146641797,
                0.9959662884525146
              ]
            ]
          ]
        ],
        [
          [
            [
              [
                0.8291619049270637,
                0.3633105321938179,
                0.9327941212583261,
                5.009390431143143e-07,
                0.016773785335820163,
                0.06817201392841768
              ],
              [
                0.9996896328544239,
                0.996325392028468,
                0.9327941212583261,
                5.009390431143143e-07,
                0.993936504443218,
                0.6762859739283555
              ]
            ],
            [
              [
                0.8291619049270637,
                0.3633105321938179,
