{
  "cm": [
    [
      1,
      1,
      1,
      1,
      1,
      1
    ],
    [
      1,
      1,
      0,
      1,
      1,
      1
    ],
    [
      0,
      1,
      1,
      1,
      1,
      1
    ],
    [
      1,
      0,
      1,
      1,
      1,
      1
    ],
    [
      1,
      0,
      1,
      1,
      1,
      1
    ],
    [
      1,
      1,
      1,
      1,
      1,
      1
    ]
  ],
  "coupling_mean": 1.0,
  "coupling_sd": 0.5,
  "density": 0.85,
  "n": 6,
  "name": "synth_n6_dense",
  "seed": 6002,
  "state": [
    0,
    0,
    0,
    0,
    0,
    0
  ],
  "temperature": 0.25,
  "tpm": [
    [
      [
        [
          [
            [
              [
                7.864933390139335e-05,
                2.215858195807985e-06,
                1.6003188945875285e-05,
                6.220341240483021e-11,
                2.5093616948524066e-10,
                4.2810459307842637e-13
              ],
              [
                0.020491505083698288,
                0.0008026608893631147,
                0.003962090120559088,
                2.150594410426202e-09,
                4.131115535754049e-06,
                7.40224297080806e-10
              ]
            ],
            [
              [
                0.0006382934667808166,
                2.215858195807985e-06,
                0.00043892408429763364,
                2.690132525500768e-05,
                3.596944816436426e-05,
                3.019418723017433e-07
              ],
              [
                0.14520915591163153,
                0.0008026608893631147,
                0.09840692097250625,
                0.0009292357556705769,
                0.371931133363935,
                0.0005218074157479707
              ]
            ]
          ],
          [
            [
              [
                6.392170451761865e-06,
                2.215858195807985e-06,
                0.0489135440565084,
                5.95254704198256e-09,
                2.5582814751639077e-05,
                2.463499307698946e-09
              ],
              [
                0.0016972656744187972,
                0.0008026608893631147,
                0.9274486123243705,
                2.0580079725122842e-07,
                0.29635819528552415,
                4.259553182213687e-06
              ]
            ],
            [
              [
                5.190355075794495e-05,
                2.215858195807985e-06,
                0.5852615689367733,
                0.0025677774551246435,
                0.7857430263429194,
                0.0017344911935140935
              ],
              [
                0.01361762464395771,
                0.0008026608893631147,
                0.9971571569363131,
                0.08173124213226785,
                0.999983436909806,
                0.7502668153306548
              ]
            ]
          ]
        ],
        [
          [
            [
              [
                7.864933390139335e-05,
                4.980952829940977e-05,
                0.002024755873537003,
                1.9586123932160732e-07,
                4.951079960030397e-07,
                1.1055723054842865e-08
              ],
              [
                0.020491505083698288,
                0.017737785794268945,
                0.33523843220742094,
                6.7715789421768255e-06,
                0.008085008490188608,
                1.9115792303186898e-05
              ]
            ],
            [
              [
                0.0006382934667808166,
                4.980952829940977e-05,
                0.05273408359556119,
                0.07809212759934032,
                0.06626866490679836,
                0.007737264174158905
              ],
              [
                0.14520915591163153,
                0.017737785794268945,
                0.9326027463999765,
                0.7454581343160289,
                0.9991448618126842,
                0.930951705009042
              ]
            ]
          ],
          [
            [
              [
                6.392170451761865e-06,
                4.980952829940977e-05,
                0.8670215299492756,
                1.8742566998260373e-05,
                0.048051798295378326,
                6.361537410893835e-05
              ],
              [
                0.0016972656744187972,
                0.017737785794268945,
                0.9993833360573762,
                0.0006475900678764807,
                0.9987980801702737,
                0.09910125315115503
              ]
            ],
            [
              [
                5.190355075794495e-05,
                4.980952829940977e-05,
                0.9944414174339524,
                0.8901826937491013,
                0.9998618160752654,
                0.978199613898743
              ],
              [
                0.01361762464395771,
                0.017737785794268945,
                0.9999775125561249,
                0.996444501894843,
                0.9999999916051746,
                0.9999871110466615
              ]
            ]
          ]
        ]
      ],
      [
        [
          [
            [
              [
                0.31468104494560617,
                0.48467270445272687,
                1.6003188945875285e-05,
                3.3301061250921406e-07,
                1.6142178557075643e-11,
                4.0745750799326035e-07
              ],
              [
                0.9918783526459675,
                0.9970756806259865,
                0.003962090120559088,
                1.1513239044737016e-05,
                2.6574671360914215e-07,
                0.0007040282524950602
              ]
            ],
            [
              [
                0.7885211196760782,
                0.48467270445272687,
                0.00043892408429763364,
                0.1258910698216694,
                2.313914322830581e-06,
                0.22322839258758212
              ],
              [
                0.9989926520148567,
                0.9970756806259865,
                0.09840692097250625,
                0.832758067168876,
                0.03669590124160718,
                0.9979915670711204
              ]
            ]
          ],
          [
            [
              [
                0.035973981837404974,
                0.48467270445272687,
                0.0489135440565084,
                3.1866400315401334e-05,
                1.6457262810429722e-06,
                0.002339203293886743
              ],
              [
                0.9084679076363951,
                0.9970756806259865,
                0.9274486123243705,
                0.001100557964729343,
                0.026378751323617573,
                0.8021423170130305
              ]
            ],
            [
              [
                0.23255081790562696,
                0.48467270445272687,
                0.5852615689367733,
                0.9323509906793056,
                0.19087891945294985,
                0.9993956635164892
              ],
              [
                0.9877442519815266,
                0.9970756806259865,
                0.9971571569363131,
                0.997905756246381,
                0.9997425826185516,
                0.9999996502741364
              ]
            ]
          ]
        ],
        [
          [
            [
              [
                0.31468104494560617,
                0.9548380022288727,
                0.002024755873537003,
                0.0010474599995894118,
                3.184923637535935e-08,
                0.010412949776261705
              ],
              [
                0.9918783526459675,
                0.9998695485577648,
                0.33523843220742094,
                0.03498415117256487,
                0.0005240554655513151,
                0.947900957411099
              ]
            ],
            [
              [
